{"cameraMode":{"drawMode":0,"name":"Shaded","section":"Shading Mode"},"sceneLighting":true,"audioPlay":false,"sceneViewState":{"m_AlwaysRefresh":false,"showFog":true,"showSkybox":true,"showFlares":true,"showImageEffects":true,"showParticleSystems":true,"showVisualEffectGraphs":true,"m_FxEnabled":true},"in2DMode":false,"pivot":{"x":12.303868293762207,"y":0.0062164850533008579,"z":0.0773424506187439},"rotation":{"x":0.08889840543270111,"y":0.7779769897460938,"z":-0.11304610222578049,"w":0.6116796135902405},"size":12.669951438903809,"orthographic":false}